file,lhs,op,rhs,beta,se,z,pval,level,sub_membership
FisherData1,energetic,~,energeticlag,0.475590672226703,0.0663550135691412,7.16736606091026,7.64499574756883E-13,group,1
FisherData1,enthusiastic,~,enthusiasticlag,0.361093412129181,0.0700081410643367,5.15787745024312,2.49764998461188E-07,group,1
FisherData1,content,~,contentlag,0.433215155595191,0.0665793966521667,6.50674498987208,7.67965691039763E-11,group,1
FisherData1,positive,~,positivelag,0.675773257678475,0.0449400313551069,15.0372226565365,0,group,1
FisherData1,accepted,~,acceptedlag,0.528916020811243,0.0601623770410998,8.79147478581034,0,group,1
FisherData1,enthusiastic,~,energetic,0.37635839152126,0.0695806608136776,5.40895109532041,6.33949364114983E-08,group,1
FisherData1,content,~,positive,0.355212657049421,0.0693743337153331,5.12023161918904,3.05160620994727E-07,group,1
FisherData1,positive,~,enthusiastic,0.178755606326936,0.0594445738946464,3.00709710938032,0.00263755491229789,group,1
FisherData1,accepted,~,content,0.288895105975201,0.066534384180236,4.3420422317671,1.41164389477755E-05,ind,1
FisherData10,energetic,~,energeticlag,0.364916704143833,0.0849992793028108,4.29317409673338,1.76136784253433E-05,group,2
FisherData10,enthusiastic,~,enthusiasticlag,0.46282558463032,0.0799341566732958,5.79008528884548,7.03506919386143E-09,group,2
FisherData10,content,~,contentlag,0.336659425188996,0.091596533321897,3.67546033653781,0.000237420926338716,group,2
FisherData10,positive,~,positivelag,0.232601211394472,0.077983070669735,2.98271418907775,0.0028570465878206,group,2
FisherData10,accepted,~,acceptedlag,0.308376270461372,0.0734821342306757,4.19661559493243,2.7093320791316E-05,group,2
FisherData10,enthusiastic,~,energetic,0.50395558240821,0.0734825918706781,6.85816285978482,6.97508717451001E-12,group,2
FisherData10,content,~,positive,0.66550246827305,0.0618165701189351,10.7657617851107,0,group,2
FisherData10,positive,~,enthusiastic,0.532602783213813,0.0688836939258264,7.73191379352154,1.06581410364015E-14,group,2
FisherData10,content,~,positivelag,-0.337204002919529,0.0960953871600572,-3.5090550429635,0.00044970182650439,ind,2
FisherData10,enthusiastic,~,energeticlag,-0.276461296751257,0.0900285672234259,-3.07081746691755,0.00213473611349624,ind,2
FisherData10,accepted,~,energetic,0.233155496371417,0.0786416788677215,2.96478279365823,0.00302896707142297,ind,2
FisherData10,accepted,~,positive,0.385605998385694,0.0773961922817792,4.9822347458878,6.2854118310085E-07,sub,2
FisherData11,energetic,~,energeticlag,0.404097922469802,0.0794278109021568,5.08761248585323,3.62599323011636E-07,group,2
FisherData11,enthusiastic,~,enthusiasticlag,0.333410632849258,0.0589581024138653,5.65504348340168,1.55806822998983E-08,group,2
FisherData11,content,~,contentlag,0.351402732091713,0.0650809798514762,5.39946898300644,6.68384381175002E-08,group,2
FisherData11,positive,~,positivelag,0.346812883886074,0.056533637460785,6.13462885926353,8.53582315940571E-10,group,2
FisherData11,accepted,~,acceptedlag,0.62678940405849,0.0556867321364852,11.2556327155679,0,group,2
FisherData11,enthusiastic,~,energetic,0.607553424596827,0.0537271538941884,11.3081259765473,0,group,2
FisherData11,content,~,positive,0.524151281266974,0.0618947896758596,8.46842333598567,0,group,2
FisherData11,positive,~,enthusiastic,0.5616035634484,0.0531160646228977,10.5731395470571,0,group,2
FisherData11,energetic,~,accepted,0.328903013900695,0.0842130982483581,3.90560400628779,9.39903213199589E-05,ind,2
FisherData11,accepted,~,positive,0.292923361338489,0.0662139280327389,4.42389343211379,9.69378509774188E-06,sub,2
FisherData12,energetic,~,energeticlag,0.364779952249296,0.073398040397317,4.96988680180936,6.69920009910285E-07,group,2
FisherData12,enthusiastic,~,enthusiasticlag,0.458834792771024,0.118696317950717,3.8656194285785,0.0001108076096763,group,2
FisherData12,content,~,contentlag,0.204379161150693,0.0683092988764553,2.99196689926996,0.00277186315775313,group,2
FisherData12,positive,~,positivelag,0.471104356310918,0.0818692362563164,5.75435142494775,8.69750582666029E-09,group,2
FisherData12,accepted,~,acceptedlag,0.581600250627555,0.0615688943537883,9.44633254717152,0,group,2
FisherData12,enthusiastic,~,energetic,0.18370263445474,0.184200378672497,0.997297811104711,0.318619975898168,group,2
FisherData12,content,~,positive,0.67103929650395,0.056879981226876,11.7974598800831,0,group,2
FisherData12,positive,~,enthusiastic,0.520125468362141,0.0628872897542705,8.27075662497955,2.22044604925031E-16,group,2
FisherData12,positive,~,accepted,0.275703292545562,0.0735556521090114,3.74822715373338,0.000178088930606002,ind,2
FisherData12,energetic,~,enthusiastic,0.522345809087639,0.116449545140501,4.48559767629327,7.27098273389792E-06,ind,2
FisherData12,positive,~,enthusiasticlag,-0.250902018073272,0.077834830253769,-3.22351853604926,0.00126626102982041,ind,2
FisherData12,accepted,~,positive,0.295223703670838,0.078743225677076,3.74919494511875,0.00017740314591097,sub,2
FisherData13,energetic,~,energeticlag,0.268713992095704,0.0673986379432776,3.98693505233522,6.69323382176401E-05,group,3
FisherData13,enthusiastic,~,enthusiasticlag,0.349380845523759,0.0611969828769814,5.70911880126652,1.1356260376516E-08,group,3
FisherData13,content,~,contentlag,0.589018520881059,0.0722399575395803,8.15363880243612,4.44089209850063E-16,group,3
FisherData13,positive,~,positivelag,0.29629490787036,0.0672417191949792,4.40641481832432,1.05095610016814E-05,group,3
FisherData13,accepted,~,acceptedlag,0.172667422469204,0.0749408951594907,2.304048038147,0.0212199471245922,group,3
FisherData13,enthusiastic,~,energetic,0.53318553968318,0.067403784982642,7.9103204637616,2.66453525910038E-15,group,3
FisherData13,content,~,positive,0.686175929571512,0.0650590294302335,10.5469745795599,0,group,3
FisherData13,positive,~,enthusiastic,0.605365029884912,0.0697511714503735,8.67892276641714,0,group,3
FisherData13,energetic,~,positive,0.614205731666383,0.0692420476537199,8.87041548421606,0,ind,3
FisherData13,content,~,energeticlag,-0.379181196797958,0.0809881290865417,-4.68193550184096,2.84178902631993E-06,ind,3
FisherData13,accepted,~,positive,0.665119509235263,0.0636343551474233,10.4522078945306,0,sub,3
FisherData14,energetic,~,energeticlag,0.168904043682632,0.080139066003379,2.10763678822398,0.035062418888572,group,3
FisherData14,enthusiastic,~,enthusiasticlag,0.339798065303969,0.0729268430744193,4.65943747156608,3.17074692834929E-06,group,3
FisherData14,content,~,contentlag,0.351552038130367,0.071885420345069,4.89044978025898,1.00605824804312E-06,group,3
FisherData14,positive,~,positivelag,0.427815013293654,0.0737757830219967,5.79885425500802,6.67695299050308E-09,group,3
FisherData14,accepted,~,acceptedlag,0.256216649688823,0.0834259409150435,3.07118681405992,0.00213209706459172,group,3
FisherData14,enthusiastic,~,energetic,0.321720007021336,0.0758739196586819,4.24019226196024,2.23328418262891E-05,group,3
FisherData14,content,~,positive,0.280447022201696,0.0744268796053812,3.76808786944521,0.000164502801403899,group,3
FisherData14,positive,~,enthusiastic,0.216777412091965,0.0791366053141426,2.7392811611193,0.0061573691322887,group,3
FisherData14,energetic,~,content,0.332952152108936,0.0809645218349675,4.11232160164674,3.91700129758199E-05,ind,3
FisherData14,content,~,enthusiastic,0.232346106666748,0.0756295325931701,3.07216108179057,0.00212515010077574,ind,3
FisherData14,enthusiastic,~,positivelag,-0.183079161410174,0.0770614214316344,-2.37575635134883,0.0175130226549867,ind,3
FisherData14,accepted,~,enthusiasticlag,-0.198608011310222,0.0845745670454146,-2.34831839226057,0.0188583931417883,ind,3
FisherData14,accepted,~,positive,0.18454671197546,0.084360936358094,2.18758491717184,0.0286998514910324,ind,3
FisherData14,positive,~,acceptedlag,-0.173475763307575,0.0795349938816182,-2.18112499720287,0.0291741724036509,ind,3
FisherData15,energetic,~,energeticlag,0.324892611169301,0.0706081780051863,4.60134534480463,4.19770778448125E-06,group,3
FisherData15,enthusiastic,~,enthusiasticlag,0.349630251830457,0.0653463604735199,5.3504166000513,8.77519865660759E-08,group,3
FisherData15,content,~,contentlag,0.204901338503386,0.0581007265135132,3.5266570798513,0.000420841445236464,group,3
FisherData15,positive,~,positivelag,0.405370592433282,0.064800425419042,6.25567794982657,3.95792731922029E-10,group,3
FisherData15,accepted,~,acceptedlag,0.344461048114877,0.0614802300358621,5.60279374221517,2.10924162580284E-08,group,3
FisherData15,enthusiastic,~,energetic,0.533667407437474,0.0684391008958915,7.79769752161532,6.21724893790088E-15,group,3
FisherData15,content,~,positive,0.440925183106777,0.0714269078211381,6.17309633802024,6.6965388789697E-10,group,3
FisherData15,positive,~,enthusiastic,0.487659537877064,0.0654939472510704,7.44587184534206,9.63673585374636E-14,group,3
FisherData15,energetic,~,content,0.440731992416225,0.0791372917838217,5.56920741766305,2.55900709511536E-08,ind,3
FisherData15,content,~,enthusiastic,0.312344088795916,0.073816738536652,4.23134501723927,2.32298029796407E-05,ind,3
FisherData15,accepted,~,content,0.271215991604664,0.0983016884119624,2.75901661493395,0.00579755872491083,ind,3
FisherData15,accepted,~,positive,0.351384168334545,0.0951888573711572,3.69144223429891,0.000222986043735718,sub,3
FisherData16,energetic,~,energeticlag,0.551761631305279,0.0617378423081523,8.93717063436181,0,group,3
FisherData16,enthusiastic,~,enthusiasticlag,0.374368166530009,0.05989565724795,6.25033906849436,4.0956260605185E-10,group,3
FisherData16,content,~,contentlag,0.254887309846,0.0678150047711243,3.75856804414075,0.000170888567541327,group,3
FisherData16,positive,~,positivelag,0.365799582569775,0.0625384940129131,5.84919077990979,4.93970264692223E-09,group,3
FisherData16,accepted,~,acceptedlag,0.435478677467365,0.0582775551357757,7.47249393789396,7.86037901434611E-14,group,3
FisherData16,enthusiastic,~,energetic,0.233403782361805,0.0629441743364431,3.7081077768093,0.00020881378455484,group,3
FisherData16,content,~,positive,0.593211538736491,0.0670533407002187,8.84686031362129,0,group,3
FisherData16,positive,~,enthusiastic,0.294496752621005,0.083324253325174,3.53434613415289,0.00040878536438882,group,3
FisherData16,energetic,~,content,0.248756976778487,0.0769090950850688,3.23442860045795,0.00121886392121251,ind,3
FisherData16,enthusiastic,~,content,0.377166442286592,0.070444905451725,5.35406272274805,8.60010265224531E-08,ind,3
FisherData16,accepted,~,energeticlag,-0.261116529336137,0.0696750575163935,-3.7476327776938,0.000178511344990806,ind,3
FisherData16,positive,~,energetic,0.246667162246239,0.0762444578362416,3.23521432568951,0.00121551452164903,ind,3
FisherData16,accepted,~,content,0.286693540979344,0.0999620738658308,2.86802314009756,0.00413045322546224,ind,3
FisherData16,accepted,~,positive,0.369338531561277,0.107505126885455,3.43554342254581,0.000591366685083861,sub,3
FisherData17,energetic,~,energeticlag,0.182194631199652,0.0714788959337818,2.54892900652015,0.0108054294311446,group,2
FisherData17,enthusiastic,~,enthusiasticlag,0.108497661537277,0.0598629539904676,1.81243414006189,0.0699191416823866,group,2
FisherData17,content,~,contentlag,0.386979847112513,0.0797377572995094,4.85315690105187,1.21511477835234E-06,group,2
FisherData17,positive,~,positivelag,0.247550918427934,0.0595858873014841,4.15452265022775,3.25967328145271E-05,group,2
FisherData17,accepted,~,acceptedlag,0.239976200730341,0.0743695301937299,3.226808077249,0.00125179393004848,group,2
FisherData17,enthusiastic,~,energetic,0.479080966330971,0.0737623359088918,6.49492671873504,8.30737700852069E-11,group,2
FisherData17,content,~,positive,0.281010272500019,0.105769962350386,2.65680601803669,0.00788848194270919,group,2
FisherData17,positive,~,enthusiastic,0.28539309948973,0.097427784208672,2.92927835532492,0.00339750020348739,group,2
FisherData17,energetic,~,content,0.560295492244638,0.0720835904443724,7.77285771686169,7.7715611723761E-15,ind,2
FisherData17,enthusiastic,~,content,0.33418269102753,0.0790594088194883,4.2269819116729,2.36846698957738E-05,ind,2
FisherData17,positive,~,energetic,0.347996078233211,0.0938718615077231,3.70713942009747,0.000209613558063815,ind,2
FisherData17,accepted,~,positive,0.577311654166154,0.0652758703990203,8.84418163460932,0,sub,2
FisherData18,energetic,~,energeticlag,0.237459454613236,0.0680255149781474,3.49074100636383,0.000481682949772688,group,2
FisherData18,enthusiastic,~,enthusiasticlag,0.387943645735637,0.0670221732618771,5.78828806729107,7.11073910864002E-09,group,2
FisherData18,content,~,contentlag,0.240553938896252,0.0708138478571974,3.39699008280628,0.000681314360807761,group,2
FisherData18,positive,~,positivelag,0.577714235543716,0.0618754557192612,9.33672695947319,0,group,2
FisherData18,accepted,~,acceptedlag,0.318562292759059,0.0699294840724694,4.55547895118067,5.22663495061693E-06,group,2
FisherData18,enthusiastic,~,energetic,0.45978366370491,0.0710562886040798,6.47069629919443,9.75524105939485E-11,group,2
FisherData18,content,~,positive,0.571762132633399,0.0628950290190571,9.09073644691627,0,group,2
FisherData18,positive,~,enthusiastic,0.184651675343499,0.079143556422753,2.33312329758298,0.0196416750251045,group,2
FisherData18,energetic,~,positive,0.580904350659065,0.064436880913762,9.01509108481691,0,ind,2
FisherData18,accepted,~,positive,0.529982023353446,0.0647985611637943,8.17891653510308,2.22044604925031E-16,sub,2
FisherData19,energetic,~,energeticlag,0.631045147095842,0.0590269439375815,10.6907982185753,0,group,1
FisherData19,enthusiastic,~,enthusiasticlag,0.534288276505427,0.0861644230973677,6.20079909200656,5.6177196228191E-10,group,1
FisherData19,content,~,contentlag,0.291678795508535,0.0788106618304087,3.70100680205165,0.000214745718967846,group,1
FisherData19,positive,~,positivelag,0.10383858245672,0.0698162274269867,1.48731299704376,0.136932163397627,group,1
FisherData19,accepted,~,acceptedlag,0.667082806767737,0.0544074091171075,12.260881699621,0,group,1
FisherData19,enthusiastic,~,energetic,0.788039151880819,0.0551558836386658,14.2874902892206,0,group,1
FisherData19,content,~,positive,0.466691330742903,0.072565161663245,6.43134143225214,1.26482602169631E-10,group,1
FisherData19,positive,~,enthusiastic,0.668004741996253,0.0592393105248848,11.2763760428245,0,group,1
FisherData19,enthusiastic,~,energeticlag,-0.418757285205375,0.0963459280618904,-4.34639318577506,1.3839439729102E-05,ind,1
FisherData19,positive,~,accepted,0.244863758074141,0.0641232372174094,3.81864311129415,0.000134187729937674,ind,1
FisherData2,energetic,~,energeticlag,0.585975250592532,0.0620395609106459,9.44518694186921,0,group,2
FisherData2,enthusiastic,~,enthusiasticlag,0.303285096941197,0.0776673069715699,3.90492613645294,9.42541689681331E-05,group,2
FisherData2,content,~,contentlag,0.313745364105864,0.0642871948824912,4.88037103935473,1.05886435775027E-06,group,2
FisherData2,positive,~,positivelag,0.372474556394505,0.0633620134163897,5.87851515933927,4.1396290839657E-09,group,2
FisherData2,accepted,~,acceptedlag,0.296540042519958,0.0715973505408524,4.14177396621342,3.4462989284334E-05,group,2
FisherData2,enthusiastic,~,energetic,0.4559386793964,0.0732211344004027,6.22687265268445,4.75837591551453E-10,group,2
FisherData2,content,~,positive,0.546776532112366,0.0580202195018508,9.42389630385532,0,group,2
FisherData2,positive,~,enthusiastic,0.546306529122852,0.05807060806063,9.40762542993294,0,group,2
FisherData2,accepted,~,enthusiastic,0.399462617759138,0.0899263946960569,4.44210644838244,8.90824676225144E-06,ind,2
FisherData2,accepted,~,positive,0.179705830972873,0.0916058493737529,1.96172877825379,0.0497940694785697,sub,2
FisherData20,energetic,~,energeticlag,0.439743453386366,0.0718931131180613,6.11662834330499,9.55759249521293E-10,group,1
FisherData20,enthusiastic,~,enthusiasticlag,0.531920229564801,0.0606824197090626,8.76563973742401,0,group,1
FisherData20,content,~,contentlag,0.352964406515111,0.0540988057012691,6.52443990102411,6.82560674647448E-11,group,1
FisherData20,positive,~,positivelag,0.649599374633112,0.0515655638577885,12.5975423525791,0,group,1
FisherData20,accepted,~,acceptedlag,0.676560348094487,0.0492969183031487,13.7241915191131,0,group,1
FisherData20,enthusiastic,~,energetic,0.329653112142446,0.068370610536326,4.82156162650176,1.42438700900804E-06,group,1
FisherData20,content,~,positive,0.387898562177275,0.0639453952270676,6.06609061997134,1.31061206332106E-09,group,1
FisherData20,positive,~,enthusiastic,0.333334508138901,0.0583078687734788,5.71680143950858,1.08547828503447E-08,group,1
FisherData20,energetic,~,content,0.36770496891979,0.0763638483304192,4.81517075107012,1.47074074585696E-06,ind,1
FisherData20,content,~,enthusiastic,0.275650843072891,0.0561168885656284,4.91208351208779,9.01136533615343E-07,ind,1
FisherData21,energetic,~,energeticlag,0.635164032780283,0.0563702616153838,11.2677148301001,0,group,1
FisherData21,enthusiastic,~,enthusiasticlag,0.750896160251602,0.0618045120494176,12.1495362612231,0,group,1
FisherData21,content,~,contentlag,0.446259782110686,0.0754599043466045,5.91386625751489,3.34169247828697E-09,group,1
FisherData21,positive,~,positivelag,0.541667677943583,0.0665547248482823,8.13868105049438,4.44089209850063E-16,group,1
FisherData21,accepted,~,acceptedlag,0.32852208476984,0.0816790689113704,4.02210859095759,5.7679453124404E-05,group,1
FisherData21,enthusiastic,~,energetic,0.466593465472826,0.0716083011413642,6.5159130720293,7.22488735505067E-11,group,1
FisherData21,content,~,positive,0.43547170525429,0.0747472775479685,5.82592061596932,5.67986124799802E-09,group,1
FisherData21,positive,~,enthusiastic,0.364484697142505,0.0700190179563607,5.20550998543953,1.93464543274402E-07,group,1
FisherData21,accepted,~,content,0.383328584850218,0.078555891050064,4.87969240404797,1.06251423459547E-06,ind,1
FisherData21,enthusiastic,~,energeticlag,-0.306513226755422,0.0794889354488471,-3.85604895857072,0.000115234418543331,ind,1
FisherData22,energetic,~,energeticlag,0.256520801630385,0.0708729209734158,3.61944728828948,0.000295232940961121,group,1
FisherData22,enthusiastic,~,enthusiasticlag,0.449512667474454,0.0836365418378728,5.37459652918006,7.67543557600447E-08,group,1
FisherData22,content,~,contentlag,0.467653923695171,0.0651495099178733,7.17816487468118,7.0654593287145E-13,group,1
FisherData22,positive,~,positivelag,0.372322759364401,0.0714640156832061,5.20993336023652,1.88908470866167E-07,group,1
FisherData22,accepted,~,acceptedlag,0.557969222666584,0.0611562235311713,9.1236703388362,0,group,1
FisherData22,enthusiastic,~,energetic,0.230872431286995,0.148334982907517,1.55642604840517,0.11960681508403,group,1
FisherData22,content,~,positive,0.409989109749483,0.0676236486191995,6.06280669737599,1.33766397958368E-09,group,1
FisherData22,positive,~,enthusiastic,0.342236377701924,0.0727687345786348,4.70306897163505,2.56279796739811E-06,group,1
FisherData22,energetic,~,enthusiastic,0.500718962673616,0.118467593087927,4.22663236098652,2.37214759850612E-05,ind,1
FisherData22,accepted,~,positive,0.285399768153977,0.0706654104607257,4.03874775923924,5.37373136533237E-05,ind,1
FisherData23,energetic,~,energeticlag,0.433964918396711,0.0681020735020978,6.37227173976344,1.86248572120462E-10,group,1
FisherData23,enthusiastic,~,enthusiasticlag,0.41524890733266,0.0755105312334362,5.49921846065343,3.81478271194169E-08,group,1
FisherData23,content,~,contentlag,0.397921577124873,0.0706986657552526,5.62841706945946,1.81870905002768E-08,group,1
FisherData23,positive,~,positivelag,0.493536758239351,0.0655693068626961,7.52694792508376,5.19584375524573E-14,group,1
FisherData23,accepted,~,acceptedlag,0.409316050058843,0.0654777462261067,6.25122386841782,4.07248679223926E-10,group,1
FisherData23,enthusiastic,~,energetic,0.410247865495132,0.0772398363709932,5.31135078438874,1.08815646937543E-07,group,1
FisherData23,content,~,positive,0.452158441709048,0.0703173708924655,6.43025238245215,1.27392318916009E-10,group,1
FisherData23,positive,~,enthusiastic,0.347932933502452,0.070263196541609,4.95185176063561,7.35105946336745E-07,group,1
FisherData23,accepted,~,positive,0.269422402624093,0.075346980333858,3.57575580906227,0.000349217508410771,ind,1
FisherData23,energetic,~,content,0.374765590404879,0.0708966901957397,5.28608020163118,1.24965122694221E-07,ind,1
FisherData23,accepted,~,energetic,0.267142141805111,0.0767225466076785,3.48192485282253,0.000497823375999129,ind,1
FisherData24,energetic,~,energeticlag,0.527384665566513,0.0682098623870074,7.73179489168663,1.06581410364015E-14,group,1
FisherData24,enthusiastic,~,enthusiasticlag,0.305675574490734,0.0646508795926799,4.72809614372739,2.26634871225428E-06,group,1
FisherData24,content,~,contentlag,0.542820251644487,0.0650726082283903,8.3417626313565,0,group,1
FisherData24,positive,~,positivelag,0.400904960131274,0.0849155168313258,4.72122145741187,2.34432515910932E-06,group,1
FisherData24,accepted,~,acceptedlag,0.577126715032402,0.0552415968741717,10.4473213608754,0,group,1
FisherData24,enthusiastic,~,energetic,0.405377505028227,0.0665872987744198,6.087910344607,1.14393894357079E-09,group,1
FisherData24,content,~,positive,0.116482956049765,0.0860778598740386,1.35322783605702,0.175982855099468,group,1
FisherData24,positive,~,enthusiastic,0.719669146682124,0.0585575059509352,12.2899555743567,0,group,1
FisherData24,accepted,~,positive,0.312516605512568,0.0709489198589719,4.40481132248059,1.05875988594129E-05,ind,1
FisherData24,enthusiastic,~,content,0.339716601913736,0.0772880681375942,4.39545986980741,1.1053848486986E-05,ind,1
FisherData24,positive,~,enthusiasticlag,-0.325356878873422,0.0905014518313233,-3.59504596102859,0.000324334313411168,ind,1
FisherData24,accepted,~,content,-0.224697037984553,0.0665789820487118,-3.37489446474498,0.00073844002961243,ind,1
FisherData24,accepted,~,energetic,0.180615595106448,0.0695797335492652,2.59580751309669,0.0094368915564309,ind,1
FisherData25,energetic,~,energeticlag,0.522510995929677,0.0719819756198656,7.25891435224062,3.9013237085328E-13,group,1
FisherData25,enthusiastic,~,enthusiasticlag,0.531687816440388,0.0830642298305685,6.40092392989024,1.54439572241927E-10,group,1
FisherData25,content,~,contentlag,0.229691853872279,0.0693080423436338,3.31407216399869,0.000919477733770213,group,1
FisherData25,positive,~,positivelag,0.331319811590818,0.0665615083434478,4.97764879187016,6.43613024875478E-07,group,1
FisherData25,accepted,~,acceptedlag,0.401040688643774,0.0830898557227102,4.82659026370365,1.38890459044916E-06,group,1
FisherData25,enthusiastic,~,energetic,0.587995579531559,0.0718490560937077,8.18376206313243,2.22044604925031E-16,group,1
FisherData25,content,~,positive,0.645656450731473,0.0567852730063365,11.3701390615737,0,group,1
FisherData25,positive,~,enthusiastic,0.508277099642159,0.059955147456584,8.47762237613082,0,group,1
FisherData25,positive,~,accepted,0.323154760354839,0.0633894953607295,5.09792290529949,3.43400610169908E-07,ind,1
FisherData25,enthusiastic,~,energeticlag,-0.284727130956422,0.0933638002360917,-3.04965233030816,0.00229106414464897,ind,1
FisherData26,energetic,~,energeticlag,0.349964744099104,0.0736402325908319,4.75235794057872,2.01058028026502E-06,group,2
FisherData26,enthusiastic,~,enthusiasticlag,0.532124673423694,0.0671055771840649,7.92966390802542,2.22044604925031E-15,group,2
FisherData26,content,~,contentlag,0.301653176285059,0.0553564822578976,5.4492836968885,5.05730881616984E-08,group,2
FisherData26,positive,~,positivelag,0.474947967986781,0.0706463986711568,6.72289001167006,1.7815526831555E-11,group,2
FisherData26,accepted,~,acceptedlag,0.244290092745138,0.0755435765892752,3.2337639250697,0.00122170396163845,group,2
FisherData26,enthusiastic,~,energetic,0.519342449128661,0.0589888614852664,8.80407649939771,0,group,2
FisherData26,content,~,positive,0.312352693321285,0.064419447939972,4.84873284869414,1.24252622235588E-06,group,2
FisherData26,positive,~,enthusiastic,0.587759424703489,0.0611291464454899,9.61504386827332,0,group,2
FisherData26,content,~,enthusiastic,0.276128895760809,0.0666144779759075,4.14517840792323,3.39549237104997E-05,ind,2
FisherData26,content,~,accepted,0.221200613888683,0.0593363625057514,3.72790991135061,0.000193074366239721,ind,2
FisherData26,positive,~,enthusiasticlag,-0.292388132345581,0.0804098209899813,-3.6362241420984,0.00027666362125367,ind,2
FisherData26,enthusiastic,~,energeticlag,-0.2726183910666,0.0751470011023093,-3.62780133694813,0.000285845066439361,ind,2
FisherData26,accepted,~,enthusiasticlag,-0.213043252802939,0.0792265279111725,-2.68903937127977,0.00716579670866246,ind,2
FisherData26,accepted,~,positive,0.451949854732748,0.0666931993365241,6.77655082120556,1.23079324509945E-11,sub,2
FisherData27,energetic,~,energeticlag,0.549820768724939,0.0564748108262024,9.73568146012878,0,group,2
FisherData27,enthusiastic,~,enthusiasticlag,0.446991921696141,0.0609154319691401,7.33790941386721,2.16937579011756E-13,group,2
FisherData27,content,~,contentlag,0.203134885567559,0.0676866812442077,3.00110570992047,0.00269001162484317,group,2
FisherData27,positive,~,positivelag,0.520562232049531,0.070831307613832,7.34932404308565,1.99174010617753E-13,group,2
FisherData27,accepted,~,acceptedlag,0.440866334949492,0.0853215003345762,5.16711887649299,2.37730070740128E-07,group,2
FisherData27,enthusiastic,~,energetic,0.300118462644907,0.0653572102759143,4.59197174080589,4.39077833558343E-06,group,2
FisherData27,content,~,positive,0.340978136415176,0.0782852622273339,4.35558528787966,1.32711829958776E-05,group,2
FisherData27,positive,~,enthusiastic,0.418521289323491,0.0754356156910921,5.54805956694686,2.88857471275605E-08,group,2
FisherData27,energetic,~,accepted,0.333793771385312,0.0631917834140853,5.28223375494907,1.2761822087981E-07,ind,2
FisherData27,content,~,enthusiastic,0.428977472116787,0.074886206917266,5.7283909784711,1.01387678252962E-08,ind,2
FisherData27,enthusiastic,~,accepted,0.284094041275752,0.059474972046237,4.77669902988591,1.7819617392778E-06,ind,2
FisherData27,accepted,~,positive,0.159628070320343,0.0956075962930983,1.66961702322252,0.0949951601560914,sub,2
FisherData28,energetic,~,energeticlag,0.577228715458503,0.0630073470991442,9.16129216724859,0,group,2
FisherData28,enthusiastic,~,enthusiasticlag,0.529071993608193,0.0615771556548854,8.59201741264932,0,group,2
FisherData28,content,~,contentlag,0.240797717580429,0.0687919745065555,3.50037514270625,0.000464603826652921,group,2
FisherData28,positive,~,positivelag,0.313961885163962,0.0594583373915974,5.28036771523199,1.28924878994852E-07,group,2
FisherData28,accepted,~,acceptedlag,0.379021873580985,0.059918105694045,6.3256651589814,2.52144083390249E-10,group,2
FisherData28,enthusiastic,~,energetic,0.375334325777281,0.0663246788083422,5.65904475560118,1.52217858317982E-08,group,2
FisherData28,content,~,positive,0.209123884835666,0.0961680804405253,2.17456648690204,0.0296626179946409,group,2
FisherData28,positive,~,enthusiastic,0.627760267551271,0.0522736971731452,12.0091040331804,0,group,2
FisherData28,content,~,enthusiastic,0.45858413485684,0.0920100012432195,4.98406834757689,6.22610703882032E-07,ind,2
FisherData28,accepted,~,positive,0.597120357672205,0.0553501221889774,10.7880585273779,0,sub,2
FisherData29,energetic,~,energeticlag,0.515216390839967,0.071684968712332,7.18723046260232,6.61248833466743E-13,group,2
FisherData29,enthusiastic,~,enthusiasticlag,0.599176638051388,0.0822122346358126,7.28816873432095,3.14193115968919E-13,group,2
FisherData29,content,~,contentlag,0.095630073801925,0.0564801872115398,1.69316141683019,0.0904247464821226,group,2
FisherData29,positive,~,positivelag,0.347063027053518,0.0622100956576846,5.57888592493502,2.42063915578683E-08,group,2
FisherData29,accepted,~,acceptedlag,0.411937315051559,0.0769137000114819,5.35583797151956,8.5160799523365E-08,group,2
FisherData29,enthusiastic,~,energetic,0.725209050500075,0.0537313102618151,13.4969545124876,0,group,2
FisherData29,content,~,positive,0.823475691884355,0.042128600634653,19.5467136216009,0,group,2
FisherData29,positive,~,enthusiastic,0.628908344001777,0.0543580709642148,11.5697325686153,0,group,2
FisherData29,enthusiastic,~,energeticlag,-0.41604823211067,0.0872892854358004,-4.76631501831534,1.87625829184412E-06,ind,2
FisherData29,accepted,~,positive,0.383933348072534,0.0762757887354376,5.03348905908015,4.81632316695624E-07,sub,2
FisherData3,energetic,~,energeticlag,0.310134200874461,0.0809578925094643,3.83080872366095,0.00012772276809847,group,1
FisherData3,enthusiastic,~,enthusiasticlag,0.327066331229168,0.0679698447894653,4.81193288350513,1.49477555821953E-06,group,1
FisherData3,content,~,contentlag,0.485359302658988,0.0745168279235122,6.51341872948732,7.3459460736558E-11,group,1
FisherData3,positive,~,positivelag,0.178217242289723,0.089879681728196,1.98284238287211,0.0473850381718721,group,1
FisherData3,accepted,~,acceptedlag,0.347157415566771,0.0846406478105622,4.10154487881235,4.10400886563522E-05,group,1
FisherData3,enthusiastic,~,energetic,0.415276745806623,0.0681220656105014,6.09606802267321,1.0870917499517E-09,group,1
FisherData3,content,~,positive,0.0248868244745181,0.0904709342009627,0.275080883095968,0.783254098308862,group,1
FisherData3,positive,~,enthusiastic,0.24979075734935,0.0926927241347024,2.69482593894156,0.0070425409860515,group,1
FisherData3,enthusiastic,~,content,0.348785456382897,0.0666772110830918,5.23095448530754,1.6863703033998E-07,ind,1
FisherData3,energetic,~,accepted,0.314540754293123,0.0808286831692647,3.89144969285764,9.96470517478087E-05,ind,1
FisherData30,energetic,~,energeticlag,0.396421213322083,0.0745194978424464,5.31969786162839,1.03939719497959E-07,group,1
FisherData30,enthusiastic,~,enthusiasticlag,0.478405500186823,0.0720309821679765,6.64166287599938,3.1016300638953E-11,group,1
FisherData30,content,~,contentlag,0.475149477937708,0.081565468229449,5.82537547140759,5.69843372488776E-09,group,1
FisherData30,positive,~,positivelag,0.582911466877638,0.0766945710681668,7.60042671546518,2.95319324550292E-14,group,1
FisherData30,accepted,~,acceptedlag,0.545071734698801,0.0706437875391933,7.71577733422623,1.19904086659517E-14,group,1
FisherData30,enthusiastic,~,energetic,0.334898783751505,0.0774673543042362,4.32309566732153,1.53854976947532E-05,group,1
FisherData30,content,~,positive,0.214865266680972,0.088192509685991,2.43632103730803,0.0148375094495219,group,1
FisherData30,positive,~,enthusiastic,0.249449407049432,0.086537031315563,2.88257412182073,0.00394440323689582,group,1
FisherData30,energetic,~,content,0.280646221643592,0.0779546573722016,3.60012128978543,0.00031806877780971,ind,1
FisherData30,enthusiastic,~,accepted,0.203821151252607,0.0654326285003132,3.11497728158103,0.0018395907775075,ind,1
FisherData30,energetic,~,positivelag,0.233296842725054,0.0829109806255181,2.81382322299117,0.00489561420187701,ind,1
FisherData31,energetic,~,energeticlag,0.257510312033762,0.0829410502811087,3.10473898221681,0.00190447007138439,group,1
FisherData31,enthusiastic,~,enthusiasticlag,0.319615418588407,0.0969196544407576,3.29773584555827,0.000974677815886782,group,1
FisherData31,content,~,contentlag,0.262757128210915,0.0707334501663308,3.71475062495944,0.00020340418609921,group,1
FisherData31,positive,~,positivelag,0.408442475118611,0.0666307777995524,6.12993707423531,8.79138317699812E-10,group,1
FisherData31,accepted,~,acceptedlag,0.652467003087109,0.0538729026827478,12.1112279197099,0,group,1
FisherData31,enthusiastic,~,energetic,0.293629878585534,0.10867973094107,2.70179062869369,0.00689671764652755,group,1
FisherData31,content,~,positive,0.473060564231276,0.0724147866831904,6.53265149148173,6.4615424122394E-11,group,1
FisherData31,positive,~,enthusiastic,0.53006564201752,0.0658375068633843,8.05111960143675,8.88178419700125E-16,group,1
FisherData31,accepted,~,enthusiastic,0.310825990524927,0.0661127931780702,4.70144998544744,2.58320540758028E-06,ind,1
FisherData31,energetic,~,positive,0.32046681529025,0.0878187158386185,3.64918585098831,0.000263072734080882,ind,1
FisherData31,energetic,~,enthusiasticlag,0.256392781818099,0.0868382190988397,2.95253385524031,0.0031517750678034,ind,1
FisherData31,content,~,accepted,0.221019762686218,0.0831339328191167,2.65859866352184,0.00784663719335565,ind,1
FisherData32,energetic,~,energeticlag,0.579898555617771,0.0591286610826908,9.80740211260304,0,group,1
FisherData32,enthusiastic,~,enthusiasticlag,0.292105667717516,0.0597082811279147,4.89221364607247,9.97081236020492E-07,group,1
FisherData32,content,~,contentlag,0.336265279569068,0.075330792831768,4.46384893784446,8.05003294890305E-06,group,1
FisherData32,positive,~,positivelag,0.29828550797283,0.060884445436094,4.89920711006424,9.62241730517732E-07,group,1
FisherData32,accepted,~,acceptedlag,0.80980172629536,0.03066566951488,26.4074366908056,0,group,1
FisherData32,enthusiastic,~,energetic,0.625507742712237,0.0514233217199107,12.1638922144939,0,group,1
FisherData32,content,~,positive,0.181783237740221,0.0662714809266709,2.74300853396296,0.00608791032933431,group,1
FisherData32,positive,~,enthusiastic,0.532599143644699,0.054837361713049,9.71234076562007,0,group,1
FisherData32,positive,~,accepted,0.321278451019804,0.0569820785008721,5.63823678377908,1.71800171866465E-08,ind,1
FisherData32,content,~,accepted,0.39341700397314,0.0761575452594608,5.16583094469247,2.39373076249549E-07,ind,1
FisherData33,energetic,~,energeticlag,0.466008542353881,0.0714628263357226,6.52099232913958,6.98436863899587E-11,group,2
FisherData33,enthusiastic,~,enthusiasticlag,0.105461724452698,0.0805722434923647,1.30890887334782,0.190565220527181,group,2
FisherData33,content,~,contentlag,0.200950924919353,0.0488247713512923,4.11575762379959,3.85909677855789E-05,group,2
FisherData33,positive,~,positivelag,0.161015631157814,0.0444630592045003,3.62133496971608,0.000293086740442927,group,2
FisherData33,accepted,~,acceptedlag,0.642542450367949,0.0733017778237881,8.76571441299244,0,group,2
FisherData33,enthusiastic,~,energetic,0.607286589084315,0.0518253542223209,11.7179438172129,0,group,2
FisherData33,content,~,positive,0.762878782116426,0.0378568736287284,20.1516583117287,0,group,2
FisherData33,positive,~,enthusiastic,0.81829686903076,0.0328325299453741,24.9233571214957,0,group,2
FisherData33,accepted,~,positivelag,-0.524566171836806,0.0794778141533517,-6.60015851498709,4.1071812617588E-11,ind,2
FisherData33,enthusiastic,~,acceptedlag,0.313677658478652,0.0791678317515425,3.96218579615881,7.4266709468418E-05,ind,2
FisherData33,accepted,~,positive,0.696963661150031,0.0568067556580333,12.2690277428556,0,sub,2
FisherData34,energetic,~,energeticlag,0.44288908289664,0.0660886836653766,6.70143598470045,2.0638157849362E-11,group,2
FisherData34,enthusiastic,~,enthusiasticlag,0.459045962736317,0.0942120618882116,4.87247549343526,1.10208530346156E-06,group,2
FisherData34,content,~,contentlag,0.409806472695714,0.0675327556229299,6.06826226644555,1.29301636064838E-09,group,2
FisherData34,positive,~,positivelag,0.00119701171851293,0.101926632438005,0.0117438562413115,0.990629973804059,group,2
FisherData34,accepted,~,acceptedlag,0.340616593724427,0.0750836176026696,4.53649683645926,5.71963470474834E-06,group,2
FisherData34,enthusiastic,~,energetic,-0.0287929352971061,0.160880950769383,-0.178970444663643,0.857960908720174,group,2
FisherData34,content,~,positive,0.397068517057712,0.0673863776106808,5.89241522005742,3.80591380633177E-09,group,2
FisherData34,positive,~,enthusiastic,0.595265042404263,0.135552729165426,4.39139105548964,1.12627765125328E-05,group,2
FisherData34,positive,~,energetic,0.452020397242816,0.113952045920056,3.96675982070506,7.28563453751274E-05,ind,2
FisherData34,energetic,~,enthusiastic,0.403816513314081,0.118382632464336,3.41111280352491,0.000646983190507822,ind,2
FisherData34,positive,~,accepted,-0.552609254661782,0.222036492986816,-2.48882175730723,0.0128167204148708,ind,2
FisherData34,accepted,~,contentlag,-0.253352013022886,0.0805015214715673,-3.14717049307408,0.00164858803040779,ind,2
FisherData34,accepted,~,positive,0.823598621070093,0.0920021889885086,8.95194592786225,0,sub,2
FisherData35,energetic,~,energeticlag,0.29371286377577,0.0914794986795587,3.21069603589116,0.00132413917094798,group,1
FisherData35,enthusiastic,~,enthusiasticlag,0.575583647013758,0.0759417607142967,7.57927708812524,3.46389583683049E-14,group,1
FisherData35,content,~,contentlag,0.618359713203781,0.113506321857729,5.4477997620154,5.09967224004981E-08,group,1
FisherData35,positive,~,positivelag,0.400219841046139,0.0726078906995398,5.51207089464004,3.54636009447518E-08,group,1
FisherData35,accepted,~,acceptedlag,0.559535876961165,0.0783035203958609,7.14573079387044,8.95283847057726E-13,group,1
FisherData35,enthusiastic,~,energetic,0.615940319070381,0.0731961433759536,8.41492858314622,0,group,1
FisherData35,content,~,positive,0.823135819938811,0.120711689704905,6.81902326072209,9.16622333591022E-12,group,1
FisherData35,positive,~,enthusiastic,0.512365643767312,0.0758389633941534,6.75596844730622,1.41884282101046E-11,group,1
FisherData35,accepted,~,content,0.635933366028249,0.0903918022413136,7.03529911186566,1.98840943710366E-12,ind,1
FisherData35,accepted,~,positivelag,-0.324616749822785,0.0853704044556331,-3.80245064894226,0.000143271812480306,ind,1
FisherData35,enthusiastic,~,energeticlag,-0.332213289611273,0.0864815711171435,-3.84143448505663,0.000122317384920301,ind,1
FisherData35,energetic,~,content,-0.351851592639644,0.103366172683581,-3.40393364197313,0.000664228877070183,ind,1
FisherData35,content,~,positivelag,-0.437113159377478,0.127614124642114,-3.42527255978393,0.000614182930258167,ind,1
FisherData35,content,~,accepted,-0.344943693385154,0.139073354261951,-2.48030037972218,0.013127174414868,ind,1
FisherData36,energetic,~,energeticlag,0.349688664157922,0.0736035012039597,4.75097866864939,2.02434489082748E-06,group,2
FisherData36,enthusiastic,~,enthusiasticlag,0.607822336186183,0.130812227555816,4.64652538637362,3.3757260795575E-06,group,2
FisherData36,content,~,contentlag,0.419618498310701,0.0917304270024528,4.57447449033983,4.77416769650851E-06,group,2
FisherData36,positive,~,positivelag,0.512623329060384,0.0886641969956582,5.78162715538366,7.39815297912116E-09,group,2
FisherData36,accepted,~,acceptedlag,0.504295497787774,0.0849238978446109,5.9382047996726,2.88159940353694E-09,group,2
FisherData36,enthusiastic,~,energetic,-0.141491971891041,0.215232440303072,-0.657391477287553,0.510929230275189,group,2
FisherData36,content,~,positive,0.67624268496758,0.069135975837061,9.78134287944878,0,group,2
FisherData36,positive,~,enthusiastic,0.712927069977268,0.0599259820836306,11.8967940981315,0,group,2
FisherData36,energetic,~,enthusiastic,0.593307488883837,0.113187196326499,5.24182511926869,1.58996026566882E-07,ind,2
FisherData36,content,~,positivelag,-0.320656813428379,0.095895713233067,-3.34380758657113,0.00082637030457744,ind,2
FisherData36,accepted,~,positivelag,-0.33680702495275,0.101439330955202,-3.32028042556286,0.000899270682392928,ind,2
FisherData36,positive,~,enthusiasticlag,-0.309221273556096,0.0988265447243803,-3.12892932175753,0.00175444503512923,ind,2
FisherData36,content,~,accepted,0.200433338809747,0.0702376786161738,2.85364412319277,0.00432209181798271,ind,2
FisherData36,accepted,~,positive,0.694352654137634,0.0659667821268235,10.5257924026477,0,sub,2
FisherData37,energetic,~,energeticlag,0.247349736473051,0.0700211238003737,3.53250166590058,0.000411647632486023,group,2
FisherData37,enthusiastic,~,enthusiasticlag,0.264228640909541,0.0589274590935678,4.48396460621163,7.32688204818643E-06,group,2
FisherData37,content,~,contentlag,0.366204392305399,0.0724738740128875,5.05291592719716,4.35115459662683E-07,group,2
FisherData37,positive,~,positivelag,0.260024025812867,0.0590363426695356,4.40447382163203,1.06040944636288E-05,group,2
FisherData37,accepted,~,acceptedlag,0.211982068996626,0.0679906897532558,3.1178102438132,0.00182200070489302,group,2
FisherData37,enthusiastic,~,energetic,0.642433075727083,0.054248922979814,11.8423194496623,0,group,2
FisherData37,content,~,positive,0.483547755790198,0.075713803834276,6.38652044016435,1.69702696339868E-10,group,2
FisherData37,positive,~,enthusiastic,0.650674346170092,0.0541538746706683,12.0152869970451,0,group,2
FisherData37,energetic,~,content,0.58186222244296,0.0679079593561906,8.56839504469541,0,ind,2
FisherData37,accepted,~,positive,0.648295306629826,0.0576106027454698,11.2530554400562,0,sub,2
FisherData38,energetic,~,energeticlag,0.652088568900464,0.0586467919438996,11.1189128558684,0,group,1
FisherData38,enthusiastic,~,enthusiasticlag,0.297295041000235,0.086994287568157,3.41740876683788,0.000632202792301362,group,1
FisherData38,content,~,contentlag,0.514263516310235,0.074672439368942,6.88692535902515,5.7012172760551E-12,group,1
FisherData38,positive,~,positivelag,0.348262336721786,0.0878777238201211,3.96303319638379,7.40034867636741E-05,group,1
FisherData38,accepted,~,acceptedlag,0.365552943220876,0.08841316993716,4.13459831245384,3.55576014696712E-05,group,1
FisherData38,enthusiastic,~,energetic,0.379175483111321,0.0777021193841085,4.87986024212448,1.06161043245123E-06,group,1
FisherData38,content,~,positive,0.306928467495154,0.0812477028113877,3.77768794531548,0.000158291042033021,group,1
FisherData38,positive,~,enthusiastic,0.172927355288094,0.0934540464062248,1.85039986964733,0.0642559377930374,group,1
FisherData38,positive,~,energeticlag,0.268700790415798,0.0894703409890739,3.00323869838176,0.00267122828114696,ind,1
FisherData38,enthusiastic,~,contentlag,0.256853239187625,0.0856493135403188,2.99889431182322,0.00270961281844651,ind,1
FisherData39,energetic,~,energeticlag,0.454757044135556,0.0793498098171012,5.73104138729199,9.98159066512017E-09,group,1
FisherData39,enthusiastic,~,enthusiasticlag,0.297075557310952,0.0771340858090084,3.85141736231294,0.000117436159174922,group,1
FisherData39,content,~,contentlag,0.530682519738144,0.0859996376391248,6.17075297415805,6.79655443036609E-10,group,1
FisherData39,positive,~,positivelag,0.313726128892663,0.0702491164189844,4.46590853928349,7.97296681276372E-06,group,1
FisherData39,accepted,~,acceptedlag,0.130268786529413,0.0872472223997447,1.4930995273701,0.135411136256083,group,1
FisherData39,enthusiastic,~,energetic,0.574258911638815,0.0675429725325184,8.50212672180425,0,group,1
FisherData39,content,~,positive,0.577773514444557,0.0719482182618343,8.03040754034965,8.88178419700125E-16,group,1
FisherData39,positive,~,enthusiastic,0.65125729918393,0.0588786609342903,11.0610073131715,0,group,1
FisherData39,accepted,~,positive,0.641542664427119,0.0689445948947354,9.305191587631,0,ind,1
FisherData39,content,~,positivelag,-0.404818263392244,0.0897887739972401,-4.50856209936319,6.52684658941638E-06,ind,1
FisherData39,content,~,enthusiastic,0.282434481030117,0.0695194538934829,4.06266829228636,4.85149469020563E-05,ind,1
FisherData4,energetic,~,energeticlag,0.476306244995559,0.0730536277029096,6.5199533544395,7.03292979409298E-11,group,1
FisherData4,enthusiastic,~,enthusiasticlag,0.346809261454061,0.0690220172723335,5.02461787063814,5.04435912818124E-07,group,1
FisherData4,content,~,contentlag,0.411941350879857,0.0703204249762142,5.85806116813422,4.68302174816415E-09,group,1
FisherData4,positive,~,positivelag,0.341536915406254,0.0688575585841046,4.96004973788158,7.0475132663006E-07,group,1
FisherData4,accepted,~,acceptedlag,0.456824539449096,0.0775558774156434,5.89026331300266,3.85580745110303E-09,group,1
FisherData4,enthusiastic,~,energetic,0.376797143549597,0.0681376704968468,5.52993873729561,3.20342641302318E-08,group,1
FisherData4,content,~,positive,0.379851491971586,0.0760856096314273,4.9924222702776,5.96267133667894E-07,group,1
FisherData4,positive,~,enthusiastic,0.330703173818277,0.081155268347335,4.0749439999743,4.6025421252649E-05,group,1
FisherData4,accepted,~,enthusiastic,0.505286154292053,0.0752648683460075,6.71343968834374,1.9009016583027E-11,ind,1
FisherData4,enthusiastic,~,content,0.246287566182548,0.0758579411724325,3.24669457641504,0.00116753609478759,ind,1
FisherData4,accepted,~,enthusiasticlag,-0.252105634725687,0.0923116205626984,-2.73102815429891,0.0063137077710349,ind,1
FisherData4,positive,~,accepted,0.197388569671537,0.0790845119811712,2.49591942501375,0.0125631134915176,ind,1
FisherData4,content,~,energeticlag,-0.148757063597022,0.0719813428242703,-2.06660584201917,0.03877130988473,ind,1
FisherData40,energetic,~,energeticlag,0.567063608914571,0.067020749677533,8.46101560550978,0,group,1
FisherData40,enthusiastic,~,enthusiasticlag,0.442771633715892,0.102741547451531,4.30956749921227,1.6357412851109E-05,group,1
FisherData40,content,~,contentlag,0.380684023512084,0.0841188998587507,4.52554686463226,6.02395299220682E-06,group,1
FisherData40,positive,~,positivelag,0.151805165123407,0.103042248842164,1.47323225986591,0.140688419208846,group,1
FisherData40,accepted,~,acceptedlag,0.65887317314785,0.0532377987093659,12.3760408792398,0,group,1
FisherData40,enthusiastic,~,energetic,0.497846591583933,0.117172672799026,4.24882849978028,2.14891351042468E-05,group,1
FisherData40,content,~,positive,-0.0938483946431295,0.110036348055426,-0.852885399248776,0.393722859312259,group,1
FisherData40,positive,~,enthusiastic,0.723014034823525,0.138173955717352,5.23263614383682,1.67109485582628E-07,group,1
FisherData40,enthusiastic,~,positive,-0.557591625490301,0.178611057078346,-3.1218203095104,0.00179736606145475,ind,1
FisherData40,accepted,~,contentlag,-0.18791244160379,0.0680405278699705,-2.76177224790057,0.00574885651142676,ind,1
FisherData40,energetic,~,enthusiasticlag,0.313423506603997,0.0795832090323774,3.93831199338148,8.20568530965904E-05,ind,1
FisherData40,energetic,~,contentlag,-0.255782246816989,0.0698711429322854,-3.6607709002968,0.000251457529386379,ind,1
FisherData40,content,~,positivelag,0.30326943869498,0.0888979335989507,3.41143406170871,0.00064622129008618,ind,1
FisherData40,enthusiastic,~,content,0.428764424235394,0.115911987007684,3.69905162791291,0.000216406581582396,ind,1
FisherData5,energetic,~,energeticlag,0.543619591542813,0.0578897998015621,9.39059373855606,0,group,1
FisherData5,enthusiastic,~,enthusiasticlag,0.438885615720195,0.0619270981274804,7.08713356496577,1.36912703396774E-12,group,1
FisherData5,content,~,contentlag,0.40421993920818,0.065835904878764,6.13980987961729,8.2620310593029E-10,group,1
FisherData5,positive,~,positivelag,0.633376384211998,0.0506952190600539,12.4938090012333,0,group,1
FisherData5,accepted,~,acceptedlag,0.508647573352218,0.0569688085765371,8.9285274883159,0,group,1
FisherData5,enthusiastic,~,energetic,0.459907164757614,0.0620772349908261,7.40862837762635,1.27675647831893E-13,group,1
FisherData5,content,~,positive,0.491659654193054,0.0649276772682188,7.57242018934374,3.66373598126302E-14,group,1
FisherData5,positive,~,enthusiastic,0.314286459162935,0.0562256666344982,5.58973290981132,2.27419141296537E-08,group,1
FisherData5,accepted,~,positive,0.364379505583132,0.059506823248471,6.12332310299381,9.16435816122885E-10,ind,1
FisherData5,energetic,~,content,0.371295460313703,0.0613254921817112,6.05450436848565,1.40850642260659E-09,ind,1
FisherData6,energetic,~,energeticlag,0.692065201121993,0.047762244432305,14.4897964772757,0,group,2
FisherData6,enthusiastic,~,enthusiasticlag,0.683597625522018,0.0477463113931924,14.3172866254017,0,group,2
FisherData6,content,~,contentlag,0.285765493575924,0.0643490321823911,4.44086700116872,8.95971597025813E-06,group,2
FisherData6,positive,~,positivelag,0.438790977737797,0.0694328850509443,6.3196420171198,2.62169841391824E-10,group,2
FisherData6,accepted,~,acceptedlag,0.428733082610845,0.0671623438456193,6.38353365981896,1.73047576268459E-10,group,2
FisherData6,enthusiastic,~,energetic,0.219928732970004,0.0609226366503077,3.60996741215226,0.000306235476435601,group,2
FisherData6,content,~,positive,0.274339359956399,0.0742968592646684,3.692475868719,0.000222081419088527,group,2
FisherData6,positive,~,enthusiastic,0.451492457029929,0.0690096118421218,6.54245756464825,6.0516036626268E-11,group,2
FisherData6,content,~,enthusiastic,0.41255230967015,0.0705916261155228,5.84421031745339,5.08976905067016E-09,ind,2
FisherData6,accepted,~,positive,0.46826057135235,0.0658666621169165,7.10921969176403,1.16706644348596E-12,sub,2
FisherData7,energetic,~,energeticlag,0.423254882033868,0.0712859557894738,5.93742311997402,2.89536750130992E-09,group,2
FisherData7,enthusiastic,~,enthusiasticlag,0.52689532443418,0.0731869610815709,7.19930595078167,6.05293593025635E-13,group,2
FisherData7,content,~,contentlag,0.362492764644616,0.0672610550605482,5.38934104316832,7.07164962143736E-08,group,2
FisherData7,positive,~,positivelag,0.253243265878365,0.0670162873928642,3.77883162034622,0.000157565917634717,group,2
FisherData7,accepted,~,acceptedlag,0.372705680971784,0.0659394405046434,5.65224208939926,1.5836832290006E-08,group,2
FisherData7,enthusiastic,~,energetic,0.491660039157466,0.074324073123202,6.61508470267062,3.71338515492425E-11,group,2
FisherData7,content,~,positive,0.647453362179804,0.0583015766554245,11.1052461926785,0,group,2
FisherData7,positive,~,enthusiastic,0.556003915749909,0.061133825606582,9.09486540770397,0,group,2
FisherData7,content,~,enthusiasticlag,-0.247082199965463,0.0715376964294161,-3.45387414325329,0.000552595197116812,ind,2
FisherData7,enthusiastic,~,energeticlag,-0.277719251314723,0.0859465253833774,-3.23130283715269,0.00123227305240459,ind,2
FisherData7,energetic,~,content,0.259252403798716,0.0822868576486239,3.15059307411834,0.00162939331519052,ind,2
FisherData7,accepted,~,positive,0.485437488502191,0.0628179478970148,7.72768778276597,1.08801856413265E-14,sub,2
FisherData8,energetic,~,energeticlag,0.603925374141986,0.0614161411043736,9.8333331154044,0,group,1
FisherData8,enthusiastic,~,enthusiasticlag,0.601205554963004,0.066008944070632,9.10794080147217,0,group,1
FisherData8,content,~,contentlag,0.454511327582087,0.0659009165287169,6.89688932298885,5.3153037526954E-12,group,1
FisherData8,positive,~,positivelag,0.369493670656489,0.0821768023741982,4.49632572674186,6.91377965345019E-06,group,1
FisherData8,accepted,~,acceptedlag,0.423626141710371,0.0702495191207782,6.03030664141688,1.63648872231192E-09,group,1
FisherData8,enthusiastic,~,energetic,0.211640805541935,0.0791145465573747,2.67511873291785,0.00747027884700757,group,1
FisherData8,content,~,positive,0.193349191527499,0.074926116600059,2.58053133274688,0.00986484038521551,group,1
FisherData8,positive,~,enthusiastic,0.196776948143855,0.0847839559763786,2.32092199376351,0.0202910542916881,group,1
FisherData8,accepted,~,content,0.387488926782594,0.0713689227844755,5.4293789462503,5.65504951755003E-08,ind,1
FisherData8,content,~,energetic,0.304300744588343,0.0728470623417533,4.17725485155122,2.95048384462149E-05,ind,1
FisherData9,energetic,~,energeticlag,0.358237667111659,0.0686277624705715,5.22001088503032,1.78912614945403E-07,group,1
FisherData9,enthusiastic,~,enthusiasticlag,0.403988075370675,0.0663903781555671,6.08503952822867,1.16462572918863E-09,group,1
FisherData9,content,~,contentlag,0.473254911207087,0.0605205280833292,7.81974193211721,5.32907051820075E-15,group,1
FisherData9,positive,~,positivelag,0.364403053191936,0.0663897823165481,5.48884241635939,4.04576354640085E-08,group,1
FisherData9,accepted,~,acceptedlag,0.416385809709283,0.0701143210091337,5.93866992814551,2.8734372659045E-09,group,1
FisherData9,enthusiastic,~,energetic,0.336687128676604,0.0718469786967594,4.68616961748163,2.78365593042729E-06,group,1
FisherData9,content,~,positive,0.148920997594065,0.0763794656987323,1.94975175895393,0.051205713909739,group,1
FisherData9,positive,~,enthusiastic,0.32742976869024,0.0702582627118397,4.66037382724898,3.15635597525343E-06,group,1
FisherData9,content,~,enthusiastic,0.227566008492136,0.0720134860975466,3.16004710817477,0.00157743631925444,ind,1
FisherData9,energetic,~,positive,0.232541432863071,0.0769219153525706,3.02308427705188,0.00250212550534856,ind,1